{
    "baby": {
        "precision": 0.9,
        "recall": 0.9473684210526315,
        "f1-score": 0.9230769230769231,
        "support": 95
    },
    "bird": {
        "precision": 0.985632183908046,
        "recall": 0.9527777777777777,
        "f1-score": 0.9689265536723163,
        "support": 360
    },
    "car": {
        "precision": 0.9658385093167702,
        "recall": 0.9749216300940439,
        "f1-score": 0.9703588143525741,
        "support": 319
    },
    "clouds": {
        "precision": 0.9619666048237476,
        "recall": 0.9470319634703196,
        "f1-score": 0.9544408651633685,
        "support": 1095
    },
    "dog": {
        "precision": 0.9710467706013363,
        "recall": 0.9732142857142857,
        "f1-score": 0.972129319955407,
        "support": 448
    },
    "female": {
        "precision": 0.9772270596115205,
        "recall": 0.9042454291911992,
        "f1-score": 0.9393207790117495,
        "support": 3227
    },
    "flower": {
        "precision": 0.9851551956815114,
        "recall": 0.9592641261498029,
        "f1-score": 0.9720372836218376,
        "support": 761
    },
    "male": {
        "precision": 0.9130019120458891,
        "recall": 0.9617321248741189,
        "f1-score": 0.9367336929867581,
        "support": 2979
    },
    "night": {
        "precision": 0.9633507853403142,
        "recall": 0.9230769230769231,
        "f1-score": 0.9427839453458583,
        "support": 598
    },
    "people": {
        "precision": 0.97796057737079,
        "recall": 0.9840699672028737,
        "f1-score": 0.9810057605480306,
        "support": 6403
    },
    "portrait": {
        "precision": 0.9772357723577236,
        "recall": 0.962832425504646,
        "f1-score": 0.9699806326662362,
        "support": 3121
    },
    "river": {
        "precision": 0.9537037037037037,
        "recall": 0.8583333333333333,
        "f1-score": 0.9035087719298245,
        "support": 120
    },
    "sea": {
        "precision": 0.9285714285714286,
        "recall": 0.9017341040462428,
        "f1-score": 0.9149560117302054,
        "support": 173
    },
    "tree": {
        "precision": 0.9842209072978304,
        "recall": 0.9504761904761905,
        "f1-score": 0.9670542635658916,
        "support": 525
    },
    "micro avg": {
        "precision": 0.9655619884208425,
        "recall": 0.9565862341772152,
        "f1-score": 0.9610531544957774,
        "support": 20224
    },
    "macro avg": {
        "precision": 0.9603508150450437,
        "recall": 0.9429341929974563,
        "f1-score": 0.9511652584019272,
        "support": 20224
    },
    "weighted avg": {
        "precision": 0.9661581016337448,
        "recall": 0.9565862341772152,
        "f1-score": 0.9609870144032633,
        "support": 20224
    },
    "samples avg": {
        "precision": 0.48823583333333337,
        "recall": 0.4860125,
        "f1-score": 0.4854796825396825,
        "support": 20224
    }
}